-- phpMyAdmin SQL Dump
-- version 5.2.0
-- https://www.phpmyadmin.net/
--
-- Host: localhost:3306
-- Generation Time: Jun 08, 2023 at 05:06 PM
-- Server version: 8.0.30
-- PHP Version: 7.4.33

SET SQL_MODE = "NO_AUTO_VALUE_ON_ZERO";
START TRANSACTION;
SET time_zone = "+00:00";


/*!40101 SET @OLD_CHARACTER_SET_CLIENT=@@CHARACTER_SET_CLIENT */;
/*!40101 SET @OLD_CHARACTER_SET_RESULTS=@@CHARACTER_SET_RESULTS */;
/*!40101 SET @OLD_COLLATION_CONNECTION=@@COLLATION_CONNECTION */;
/*!40101 SET NAMES utf8mb4 */;

--
-- Database: `project_sppk_cbr`
--

-- --------------------------------------------------------

--
-- Table structure for table `atributs`
--

CREATE TABLE `atributs` (
  `id_atribut` int UNSIGNED NOT NULL,
  `nama_atribut` varchar(255) COLLATE utf8mb4_unicode_ci NOT NULL,
  `created_at` timestamp NULL DEFAULT NULL,
  `updated_at` timestamp NULL DEFAULT NULL,
  `different_simmilarity` double NOT NULL,
  `same_simmilarity` double NOT NULL,
  `bobot` int NOT NULL DEFAULT '0'
) ENGINE=InnoDB DEFAULT CHARSET=utf8mb4 COLLATE=utf8mb4_unicode_ci;

--
-- Dumping data for table `atributs`
--

INSERT INTO `atributs` (`id_atribut`, `nama_atribut`, `created_at`, `updated_at`, `different_simmilarity`, `same_simmilarity`, `bobot`) VALUES
(1, 'Jenis Kelamin', '2023-01-24 23:49:28', '2023-01-24 23:49:28', 0.5, 1, 5),
(2, 'Umur Sapi', '2023-01-24 23:49:28', '2023-01-24 23:49:28', 0.5, 1, 1),
(3, 'Kondisi Mata', '2023-01-24 23:49:28', '2023-01-24 23:49:28', 1, 1, 3),
(4, 'Kondisi Mulut', '2023-01-24 23:49:28', '2023-01-24 23:49:28', 0.5, 1, 5),
(5, 'Kondisi Nafas', '2023-01-24 23:49:28', '2023-01-24 23:49:28', 0.3, 1, 5),
(6, 'Kondisi Nadi', '2023-01-24 23:49:28', '2023-01-24 23:49:28', 0.5, 1, 5),
(7, 'Kondisi Perut', '2023-01-24 23:49:28', '2023-01-24 23:49:28', 0.5, 1, 3),
(8, 'Kondisi Alat Kelamin', '2023-01-24 23:49:28', '2023-01-24 23:49:28', 0.5, 1, 5),
(9, 'Kondisi Ambing', '2023-01-24 23:49:28', '2023-01-24 23:49:28', 0.5, 1, 5),
(10, 'Kondisi Fisik Sapi', '2023-01-24 23:49:28', '2023-01-24 23:49:28', 0.3, 1, 5),
(11, 'Kondisi Pencernaan', '2023-01-24 23:49:28', '2023-01-24 23:49:28', 0.3, 1, 3),
(12, 'Kondisi Cairan Susu', '2023-01-24 23:49:29', '2023-01-24 23:49:29', 0.5, 1, 3),
(13, 'Suhu Tubuh', '2023-01-24 23:49:29', '2023-01-24 23:49:29', 0.3, 1, 5),
(14, 'Nafsu Makan', '2023-01-24 23:49:29', '2023-01-24 23:49:29', 0.3, 1, 5),
(15, 'Gejala Lain', '2023-01-24 23:49:29', '2023-01-24 23:49:29', 0.5, 1, 5);

-- --------------------------------------------------------

--
-- Table structure for table `failed_jobs`
--

CREATE TABLE `failed_jobs` (
  `id` bigint UNSIGNED NOT NULL,
  `uuid` varchar(255) COLLATE utf8mb4_unicode_ci NOT NULL,
  `connection` text COLLATE utf8mb4_unicode_ci NOT NULL,
  `queue` text COLLATE utf8mb4_unicode_ci NOT NULL,
  `payload` longtext COLLATE utf8mb4_unicode_ci NOT NULL,
  `exception` longtext COLLATE utf8mb4_unicode_ci NOT NULL,
  `failed_at` timestamp NOT NULL DEFAULT CURRENT_TIMESTAMP
) ENGINE=InnoDB DEFAULT CHARSET=utf8mb4 COLLATE=utf8mb4_unicode_ci;

-- --------------------------------------------------------

--
-- Table structure for table `gejalas`
--

CREATE TABLE `gejalas` (
  `id_gejala` int UNSIGNED NOT NULL,
  `nama_gejala` varchar(255) COLLATE utf8mb4_unicode_ci NOT NULL,
  `id_atribut` int UNSIGNED NOT NULL,
  `created_at` timestamp NULL DEFAULT NULL,
  `updated_at` timestamp NULL DEFAULT NULL
) ENGINE=InnoDB DEFAULT CHARSET=utf8mb4 COLLATE=utf8mb4_unicode_ci;

--
-- Dumping data for table `gejalas`
--

INSERT INTO `gejalas` (`id_gejala`, `nama_gejala`, `id_atribut`, `created_at`, `updated_at`) VALUES
(5, 'Mata berair', 3, '2023-04-18 02:52:08', '2023-04-18 02:52:08'),
(6, 'Mata juling', 3, '2023-04-18 02:52:20', '2023-04-18 02:52:20'),
(7, 'Mata pucat pada bagian kelopak bawah', 3, '2023-04-18 02:52:47', '2023-04-18 02:52:47'),
(8, 'edema / bengkak pada mata', 3, '2023-04-18 02:53:34', '2023-04-18 02:53:34'),
(9, 'Terjadi bendungan darah pada kelopak mata bawah', 3, '2023-04-18 02:53:47', '2023-04-18 02:53:47'),
(10, 'Reflek mata negative', 3, '2023-04-18 02:53:59', '2023-04-18 02:53:59'),
(11, 'Kornea menjadi keruh', 3, '2023-04-18 02:54:08', '2023-04-18 02:54:08'),
(12, 'Mata kemerahan pada bagian yang putih', 3, '2023-04-18 02:54:21', '2023-04-18 02:54:21'),
(13, 'Mulut berbuih', 4, '2023-04-18 02:54:43', '2023-04-18 02:54:43'),
(14, 'Moncong kering', 4, '2023-04-18 02:54:51', '2023-04-18 02:54:51'),
(15, 'Air liur berlebihan/hypersaliva', 4, '2023-04-18 02:54:59', '2023-04-18 02:54:59'),
(16, 'Rahang kaku', 4, '2023-04-18 02:55:09', '2023-04-18 02:55:09'),
(17, 'Pernafasan lebih cepat dari biasanya', 5, '2023-04-18 02:55:25', '2023-04-18 02:55:25'),
(18, 'Pernafasan ngongsro', 5, '2023-04-18 02:55:39', '2023-04-18 02:55:39'),
(19, 'Pernafasan sesak', 5, '2023-04-18 02:55:56', '2023-04-18 02:55:56'),
(20, 'Menurun', 6, '2023-04-18 02:56:09', '2023-04-18 02:56:09'),
(21, 'Meningkat', 6, '2023-04-18 02:56:17', '2023-04-18 02:56:17'),
(22, 'Tidak stabil', 6, '2023-04-18 02:56:24', '2023-04-18 02:56:24'),
(23, 'Perut kanan ternak membesar, bagian hati', 7, '2023-04-18 02:56:39', '2023-04-18 02:56:39'),
(24, 'Sakit perut, diikuti perilaku menendang-nendang perut', 7, '2023-04-18 02:56:53', '2023-04-18 02:56:53'),
(25, 'Perut mengeras dan padat', 7, '2023-04-18 02:57:02', '2023-04-18 02:57:02'),
(26, 'Bau khas pada alat kelamin', 8, '2023-04-18 02:57:19', '2023-04-18 02:57:19'),
(27, 'Labia vulva bengkak', 8, '2023-04-18 02:57:32', '2023-04-18 02:57:32'),
(28, 'Uterus bengkak', 8, '2023-04-18 02:57:43', '2023-04-18 02:57:43'),
(29, 'Uterus keras', 8, '2023-04-18 02:57:54', '2023-04-18 02:57:54'),
(30, 'Kawin berulang', 8, '2023-04-18 02:58:05', '2023-04-18 02:58:05'),
(31, 'Cairan eksudat keluar dari vagina, berwarna keruh', 8, '2023-04-18 02:58:14', '2023-04-18 02:58:14'),
(32, 'Sering urinasi', 8, '2023-04-18 02:58:24', '2023-04-18 02:58:24'),
(33, 'Placenta tergantung diluar, beberapa jam setelah melahirkan', 8, '2023-04-18 02:58:44', '2023-04-18 02:58:44'),
(34, 'Sulit urinasi', 8, '2023-04-18 02:58:54', '2023-04-18 02:58:54'),
(35, 'Labia vulva kemerahan', 8, '2023-04-18 02:59:51', '2023-04-18 02:59:51'),
(36, 'Ambing membengkak', 9, '2023-04-18 03:00:06', '2023-04-18 03:00:06'),
(37, 'Kesakitan ketika ambing ditekan', 9, '2023-04-18 03:00:17', '2023-04-18 03:00:17'),
(38, 'Ambing berwarna kemerahan', 9, '2023-04-18 03:00:28', '2023-04-18 03:00:28'),
(39, 'Depresi', 10, '2023-04-18 03:00:39', '2023-04-18 03:00:39'),
(40, 'Gelisah', 10, '2023-04-18 03:00:48', '2023-04-18 03:00:48'),
(41, 'Pincang, sehingga susah berdiri', 10, '2023-04-18 03:01:00', '2023-04-18 03:01:00'),
(42, 'Sempoyongan', 10, '2023-04-18 03:01:09', '2023-04-18 03:01:18'),
(43, 'Ternak lebih sensitif', 10, '2023-04-18 03:01:39', '2023-04-18 03:01:39'),
(44, 'Ternak menjadi agresif', 10, '2023-04-18 03:01:46', '2023-04-18 03:01:46'),
(45, 'Ternak menjadi kurus', 10, '2023-04-18 03:01:56', '2023-04-18 03:01:56'),
(46, 'Ternak lemah', 10, '2023-04-18 03:02:04', '2023-04-18 03:02:04'),
(47, 'Ternak sangat lemah', 10, '2023-04-18 03:02:16', '2023-04-18 03:02:16'),
(48, 'Nafsu makan menurun', 14, '2023-04-18 03:02:32', '2023-04-18 03:02:32'),
(49, 'Anokresia / Tidak mau makan', 14, '2023-04-18 03:02:42', '2023-04-18 03:02:42'),
(50, 'Produksi menurun', 12, '2023-04-18 03:02:54', '2023-04-18 03:02:54'),
(51, 'Produksi berlebih', 12, '2023-04-18 03:03:09', '2023-04-18 03:03:09'),
(52, 'Tidak ada produksi susu', 12, '2023-04-18 03:03:17', '2023-04-18 03:03:17'),
(53, 'Air susu pecah ketika diperas', 12, '2023-04-18 03:03:25', '2023-04-18 03:03:25'),
(54, 'Gangguan pencernaan', 11, '2023-04-18 03:03:34', '2023-04-18 03:03:34'),
(55, 'Rektum terdapat tinja kering', 11, '2023-04-18 03:03:43', '2023-04-18 03:03:43'),
(56, 'Demam Ringan > 39 derajat < 40 derajat celcius', 13, '2023-04-18 03:03:56', '2023-04-18 03:03:56'),
(57, 'Demam Tinggi > 40 derajat celcius', 13, '2023-04-18 03:04:12', '2023-04-18 03:04:12'),
(58, 'Suhu tubuh subnormal < 38 derajat celcius', 13, '2023-04-18 03:04:23', '2023-04-18 03:04:23'),
(59, 'Suhu tubuh tidak stabil', 13, '2023-04-18 03:04:32', '2023-04-18 03:04:32'),
(60, 'berbaring pada dada kanan di bawah, kepala diletakkan pada dada kiri', 15, '2023-04-18 03:05:52', '2023-04-18 03:05:52'),
(61, 'Tidak mampu untuk berdiri', 15, '2023-04-18 03:06:04', '2023-04-18 03:06:04'),
(62, 'Tremor', 15, '2023-04-18 03:06:21', '2023-04-18 03:06:21'),
(63, 'Kaki kaku saat berdiri', 15, '2023-04-18 03:06:30', '2023-04-18 03:06:30'),
(64, 'Luka membesar dan dalam', 15, '2023-04-18 03:06:40', '2023-04-18 03:06:40'),
(65, 'Kejang', 15, '2023-04-18 03:06:48', '2023-04-18 03:06:48'),
(66, 'Kulit kering', 15, '2023-04-18 03:06:57', '2023-04-18 03:06:57'),
(67, 'Jaringan tubuh rusak karena larva', 15, '2023-04-18 03:07:06', '2023-04-18 03:07:06'),
(68, 'Dehidrasi', 15, '2023-04-18 03:07:12', '2023-04-18 03:07:12'),
(69, 'Sering mengejan', 15, '2023-04-18 03:07:28', '2023-04-18 03:07:28'),
(70, 'Tumbuh belatung akibat busuk', 15, '2023-04-18 03:07:39', '2023-04-18 03:07:39'),
(71, 'Betina', 1, NULL, NULL),
(72, '0-3 bulan', 2, NULL, NULL),
(73, 'Normal', 3, '2023-05-17 05:14:09', '2023-05-17 05:14:09'),
(74, '0-1 tahun', 2, NULL, NULL),
(84, '1-2 tahun', 2, NULL, NULL),
(86, '2-3 tahun', 2, NULL, NULL),
(88, '3-4 tahun', 2, NULL, NULL),
(90, '4-5 tahun', 2, NULL, NULL),
(92, '5-6 tahun', 2, NULL, NULL),
(94, 'Normal', 4, '2023-05-17 06:27:46', '2023-05-17 06:27:46'),
(95, 'Normal', 5, '2023-05-17 06:27:53', '2023-05-17 06:27:53'),
(96, 'Normal', 6, '2023-05-17 06:28:02', '2023-05-17 06:28:02'),
(97, 'Normal', 7, '2023-05-17 06:28:09', '2023-05-17 06:28:09'),
(98, 'Normal', 8, '2023-05-17 06:28:18', '2023-05-17 06:28:18'),
(99, 'Normal', 9, '2023-05-17 06:28:27', '2023-05-17 06:28:27'),
(100, 'Normal', 10, '2023-05-17 06:29:11', '2023-05-17 06:29:11'),
(101, 'Normal', 11, '2023-05-17 06:29:19', '2023-05-17 06:29:19'),
(102, 'Normal', 12, '2023-05-17 06:29:28', '2023-05-17 06:29:28'),
(103, 'Normal', 13, '2023-05-17 06:29:36', '2023-05-17 06:29:36'),
(104, 'Normal', 14, '2023-05-17 06:29:45', '2023-05-17 06:29:45'),
(105, 'Tidak Ada', 15, '2023-05-17 06:30:05', '2023-05-17 06:30:05');

-- --------------------------------------------------------

--
-- Table structure for table `knowledges`
--

CREATE TABLE `knowledges` (
  `id` int UNSIGNED NOT NULL,
  `knowledge_code` varchar(5) COLLATE utf8mb4_unicode_ci NOT NULL,
  `total_bobot` double NOT NULL,
  `total_similarity` double NOT NULL,
  `created_at` timestamp NULL DEFAULT NULL,
  `updated_at` timestamp NULL DEFAULT NULL,
  `type` enum('master','data') COLLATE utf8mb4_unicode_ci NOT NULL,
  `penyakit_id` bigint UNSIGNED NOT NULL
) ENGINE=InnoDB DEFAULT CHARSET=utf8mb4 COLLATE=utf8mb4_unicode_ci;

--
-- Dumping data for table `knowledges`
--

INSERT INTO `knowledges` (`id`, `knowledge_code`, `total_bobot`, `total_similarity`, `created_at`, `updated_at`, `type`, `penyakit_id`) VALUES
(1, 'KN001', 0, 0, '2023-06-07 06:53:23', '2023-06-07 06:53:23', 'master', 7),
(2, 'KN002', 0, 0, '2023-06-07 06:56:41', '2023-06-07 06:56:41', 'master', 10),
(5, 'KN003', 0, 0, '2023-06-07 07:04:40', '2023-06-07 07:04:40', 'master', 9),
(6, 'KN006', 0, 0, '2023-06-07 08:14:01', '2023-06-07 08:14:01', 'master', 4),
(7, 'KN007', 0, 0, '2023-06-07 08:17:36', '2023-06-07 08:17:36', 'master', 5),
(8, 'KN008', 0, 0, '2023-06-07 08:21:23', '2023-06-07 08:21:23', 'master', 11),
(10, 'KN009', 0, 0, '2023-06-07 08:28:42', '2023-06-07 08:28:42', 'master', 3),
(11, 'KN011', 0, 0, '2023-06-07 08:34:19', '2023-06-07 08:34:19', 'master', 6),
(14, 'KN012', 0, 0, '2023-06-07 08:48:24', '2023-06-07 08:48:24', 'master', 13),
(16, 'KN015', 0, 0, '2023-06-07 08:53:47', '2023-06-07 08:53:47', 'master', 8),
(17, 'KN017', 63, 72.063492063492, '2023-06-07 09:59:02', '2023-06-07 09:59:02', 'data', 7),
(18, 'KN018', 63, 72.063492063492, '2023-06-07 09:59:14', '2023-06-07 09:59:14', 'data', 7),
(19, 'KN019', 63, 70.47619047619, '2023-06-08 09:47:10', '2023-06-08 09:47:10', 'data', 4),
(20, 'KN020', 63, 70.47619047619, '2023-06-08 09:49:06', '2023-06-08 09:49:06', 'data', 4),
(21, 'KN021', 63, 70.47619047619, '2023-06-08 09:49:26', '2023-06-08 09:49:26', 'data', 4),
(22, 'KN022', 63, 70.47619047619, '2023-06-08 09:50:14', '2023-06-08 09:50:14', 'data', 4),
(23, 'KN023', 63, 70.47619047619, '2023-06-08 09:52:30', '2023-06-08 09:52:30', 'data', 4),
(24, 'KN024', 63, 70.47619047619, '2023-06-08 09:52:46', '2023-06-08 09:52:46', 'data', 4),
(25, 'KN025', 63, 70.47619047619, '2023-06-08 09:53:08', '2023-06-08 09:53:08', 'data', 4),
(26, 'KN026', 63, 70.47619047619, '2023-06-08 09:54:13', '2023-06-08 09:54:13', 'data', 4),
(27, 'KN027', 63, 70.47619047619, '2023-06-08 09:57:11', '2023-06-08 09:57:11', 'data', 4),
(28, 'KN028', 63, 70.47619047619, '2023-06-08 09:57:43', '2023-06-08 09:57:43', 'data', 4),
(29, 'KN029', 63, 70.47619047619, '2023-06-08 09:58:22', '2023-06-08 09:58:22', 'data', 4),
(30, 'KN030', 63, 96.031746031746, '2023-06-08 10:00:50', '2023-06-08 10:00:50', 'data', 10);

-- --------------------------------------------------------

--
-- Table structure for table `knowledge_details`
--

CREATE TABLE `knowledge_details` (
  `id` int UNSIGNED NOT NULL,
  `knowledge_id` int UNSIGNED NOT NULL,
  `atribut_id` int UNSIGNED NOT NULL,
  `gejala_id` int UNSIGNED NOT NULL,
  `created_at` timestamp NULL DEFAULT NULL,
  `updated_at` timestamp NULL DEFAULT NULL
) ENGINE=InnoDB DEFAULT CHARSET=utf8mb4 COLLATE=utf8mb4_unicode_ci;

--
-- Dumping data for table `knowledge_details`
--

INSERT INTO `knowledge_details` (`id`, `knowledge_id`, `atribut_id`, `gejala_id`, `created_at`, `updated_at`) VALUES
(1, 1, 1, 71, '2023-06-07 06:53:23', '2023-06-07 06:53:23'),
(2, 1, 2, 86, '2023-06-07 06:53:23', '2023-06-07 06:53:23'),
(3, 1, 3, 73, '2023-06-07 06:53:23', '2023-06-07 06:53:23'),
(4, 1, 4, 15, '2023-06-07 06:53:23', '2023-06-07 06:53:23'),
(5, 1, 5, 17, '2023-06-07 06:53:23', '2023-06-07 06:53:23'),
(6, 1, 6, 96, '2023-06-07 06:53:23', '2023-06-07 06:53:23'),
(7, 1, 7, 25, '2023-06-07 06:53:23', '2023-06-07 06:53:23'),
(8, 1, 8, 98, '2023-06-07 06:53:23', '2023-06-07 06:53:23'),
(9, 1, 9, 99, '2023-06-07 06:53:23', '2023-06-07 06:53:23'),
(10, 1, 10, 41, '2023-06-07 06:53:23', '2023-06-07 06:53:23'),
(11, 1, 11, 101, '2023-06-07 06:53:23', '2023-06-07 06:53:23'),
(12, 1, 12, 50, '2023-06-07 06:53:23', '2023-06-07 06:53:23'),
(13, 1, 13, 57, '2023-06-07 06:53:23', '2023-06-07 06:53:23'),
(14, 1, 14, 49, '2023-06-07 06:53:23', '2023-06-07 06:53:23'),
(15, 1, 15, 62, '2023-06-07 06:53:23', '2023-06-07 06:53:23'),
(16, 2, 1, 71, '2023-06-07 06:56:41', '2023-06-07 06:56:41'),
(17, 2, 2, 86, '2023-06-07 06:56:41', '2023-06-07 06:56:41'),
(18, 2, 3, 73, '2023-06-07 06:56:41', '2023-06-07 06:56:41'),
(19, 2, 4, 94, '2023-06-07 06:56:41', '2023-06-07 06:56:41'),
(20, 2, 5, 95, '2023-06-07 06:56:41', '2023-06-07 06:56:41'),
(21, 2, 6, 96, '2023-06-07 06:56:41', '2023-06-07 06:56:41'),
(22, 2, 7, 97, '2023-06-07 06:56:41', '2023-06-07 06:56:41'),
(23, 2, 8, 98, '2023-06-07 06:56:41', '2023-06-07 06:56:41'),
(24, 2, 9, 36, '2023-06-07 06:56:41', '2023-06-07 06:56:41'),
(25, 2, 9, 38, '2023-06-07 06:56:41', '2023-06-07 06:56:41'),
(26, 2, 10, 40, '2023-06-07 06:56:41', '2023-06-07 06:56:41'),
(27, 2, 11, 54, '2023-06-07 06:56:41', '2023-06-07 06:56:41'),
(28, 2, 12, 53, '2023-06-07 06:56:41', '2023-06-07 06:56:41'),
(29, 2, 13, 56, '2023-06-07 06:56:41', '2023-06-07 06:56:41'),
(30, 2, 14, 48, '2023-06-07 06:56:41', '2023-06-07 06:56:41'),
(31, 2, 15, 105, '2023-06-07 06:56:41', '2023-06-07 06:56:41'),
(40, 5, 1, 71, '2023-06-07 07:04:40', '2023-06-07 07:04:40'),
(41, 5, 2, 92, '2023-06-07 07:04:41', '2023-06-07 07:04:41'),
(42, 5, 3, 73, '2023-06-07 07:04:41', '2023-06-07 07:04:41'),
(43, 5, 4, 14, '2023-06-07 07:04:41', '2023-06-07 07:04:41'),
(44, 5, 5, 95, '2023-06-07 07:04:41', '2023-06-07 07:04:41'),
(45, 5, 6, 96, '2023-06-07 07:04:41', '2023-06-07 07:04:41'),
(46, 5, 7, 97, '2023-06-07 07:04:41', '2023-06-07 07:04:41'),
(47, 5, 8, 34, '2023-06-07 07:04:41', '2023-06-07 07:04:41'),
(48, 5, 9, 99, '2023-06-07 07:04:41', '2023-06-07 07:04:41'),
(49, 5, 10, 40, '2023-06-07 07:04:41', '2023-06-07 07:04:41'),
(50, 5, 10, 42, '2023-06-07 07:04:41', '2023-06-07 07:04:41'),
(51, 5, 10, 43, '2023-06-07 07:04:41', '2023-06-07 07:04:41'),
(52, 5, 11, 54, '2023-06-07 07:04:41', '2023-06-07 07:04:41'),
(53, 5, 12, 51, '2023-06-07 07:04:41', '2023-06-07 07:04:41'),
(54, 5, 13, 103, '2023-06-07 07:04:41', '2023-06-07 07:04:41'),
(55, 5, 14, 48, '2023-06-07 07:04:41', '2023-06-07 07:04:41'),
(56, 5, 15, 62, '2023-06-07 07:04:41', '2023-06-07 07:04:41'),
(57, 5, 15, 63, '2023-06-07 07:04:41', '2023-06-07 07:04:41'),
(58, 5, 15, 65, '2023-06-07 07:04:41', '2023-06-07 07:04:41'),
(59, 6, 1, 71, '2023-06-07 08:14:01', '2023-06-07 08:14:01'),
(60, 6, 2, 90, '2023-06-07 08:14:01', '2023-06-07 08:14:01'),
(61, 6, 3, 73, '2023-06-07 08:14:01', '2023-06-07 08:14:01'),
(62, 6, 4, 94, '2023-06-07 08:14:01', '2023-06-07 08:14:01'),
(63, 6, 5, 17, '2023-06-07 08:14:01', '2023-06-07 08:14:01'),
(64, 6, 6, 20, '2023-06-07 08:14:01', '2023-06-07 08:14:01'),
(65, 6, 7, 24, '2023-06-07 08:14:01', '2023-06-07 08:14:01'),
(66, 6, 8, 28, '2023-06-07 08:14:01', '2023-06-07 08:14:01'),
(67, 6, 8, 29, '2023-06-07 08:14:01', '2023-06-07 08:14:01'),
(68, 6, 8, 31, '2023-06-07 08:14:01', '2023-06-07 08:14:01'),
(69, 6, 8, 32, '2023-06-07 08:14:01', '2023-06-07 08:14:01'),
(70, 6, 9, 99, '2023-06-07 08:14:01', '2023-06-07 08:14:01'),
(71, 6, 10, 40, '2023-06-07 08:14:01', '2023-06-07 08:14:01'),
(72, 6, 11, 101, '2023-06-07 08:14:01', '2023-06-07 08:14:01'),
(73, 6, 12, 50, '2023-06-07 08:14:01', '2023-06-07 08:14:01'),
(74, 6, 13, 57, '2023-06-07 08:14:01', '2023-06-07 08:14:01'),
(75, 6, 14, 49, '2023-06-07 08:14:01', '2023-06-07 08:14:01'),
(76, 6, 15, 69, '2023-06-07 08:14:01', '2023-06-07 08:14:01'),
(77, 7, 1, 71, '2023-06-07 08:17:36', '2023-06-07 08:17:36'),
(78, 7, 2, 88, '2023-06-07 08:17:36', '2023-06-07 08:17:36'),
(79, 7, 3, 73, '2023-06-07 08:17:36', '2023-06-07 08:17:36'),
(80, 7, 4, 94, '2023-06-07 08:17:36', '2023-06-07 08:17:36'),
(81, 7, 5, 17, '2023-06-07 08:17:36', '2023-06-07 08:17:36'),
(82, 7, 6, 96, '2023-06-07 08:17:36', '2023-06-07 08:17:36'),
(83, 7, 7, 24, '2023-06-07 08:17:36', '2023-06-07 08:17:36'),
(84, 7, 8, 26, '2023-06-07 08:17:36', '2023-06-07 08:17:36'),
(85, 7, 8, 27, '2023-06-07 08:17:36', '2023-06-07 08:17:36'),
(86, 7, 8, 33, '2023-06-07 08:17:36', '2023-06-07 08:17:36'),
(87, 7, 8, 35, '2023-06-07 08:17:36', '2023-06-07 08:17:36'),
(88, 7, 9, 99, '2023-06-07 08:17:36', '2023-06-07 08:17:36'),
(89, 7, 10, 39, '2023-06-07 08:17:36', '2023-06-07 08:17:36'),
(90, 7, 11, 54, '2023-06-07 08:17:36', '2023-06-07 08:17:36'),
(91, 7, 12, 52, '2023-06-07 08:17:36', '2023-06-07 08:17:36'),
(92, 7, 13, 56, '2023-06-07 08:17:36', '2023-06-07 08:17:36'),
(93, 7, 14, 49, '2023-06-07 08:17:36', '2023-06-07 08:17:36'),
(94, 7, 15, 105, '2023-06-07 08:17:36', '2023-06-07 08:17:36'),
(95, 8, 1, 71, '2023-06-07 08:21:23', '2023-06-07 08:21:23'),
(96, 8, 2, 86, '2023-06-07 08:21:23', '2023-06-07 08:21:23'),
(97, 8, 3, 7, '2023-06-07 08:21:23', '2023-06-07 08:21:23'),
(98, 8, 4, 15, '2023-06-07 08:21:23', '2023-06-07 08:21:23'),
(99, 8, 5, 95, '2023-06-07 08:21:23', '2023-06-07 08:21:23'),
(100, 8, 6, 96, '2023-06-07 08:21:23', '2023-06-07 08:21:23'),
(101, 8, 7, 23, '2023-06-07 08:21:23', '2023-06-07 08:21:23'),
(102, 8, 7, 25, '2023-06-07 08:21:23', '2023-06-07 08:21:23'),
(103, 8, 8, 98, '2023-06-07 08:21:23', '2023-06-07 08:21:23'),
(104, 8, 9, 99, '2023-06-07 08:21:23', '2023-06-07 08:21:23'),
(105, 8, 10, 39, '2023-06-07 08:21:23', '2023-06-07 08:21:23'),
(106, 8, 10, 45, '2023-06-07 08:21:23', '2023-06-07 08:21:23'),
(107, 8, 10, 46, '2023-06-07 08:21:23', '2023-06-07 08:21:23'),
(108, 8, 11, 54, '2023-06-07 08:21:23', '2023-06-07 08:21:23'),
(109, 8, 12, 102, '2023-06-07 08:21:23', '2023-06-07 08:21:23'),
(110, 8, 13, 103, '2023-06-07 08:21:23', '2023-06-07 08:21:23'),
(111, 8, 14, 49, '2023-06-07 08:21:23', '2023-06-07 08:21:23'),
(112, 8, 15, 105, '2023-06-07 08:21:23', '2023-06-07 08:21:23'),
(115, 10, 1, 71, '2023-06-07 08:28:42', '2023-06-07 08:28:42'),
(116, 10, 2, 88, '2023-06-07 08:28:42', '2023-06-07 08:28:42'),
(117, 10, 3, 8, '2023-06-07 08:28:42', '2023-06-07 08:28:42'),
(118, 10, 3, 9, '2023-06-07 08:28:42', '2023-06-07 08:28:42'),
(119, 10, 4, 94, '2023-06-07 08:28:42', '2023-06-07 08:28:42'),
(120, 10, 5, 95, '2023-06-07 08:28:42', '2023-06-07 08:28:42'),
(121, 10, 6, 96, '2023-06-07 08:28:42', '2023-06-07 08:28:42'),
(122, 10, 7, 97, '2023-06-07 08:28:42', '2023-06-07 08:28:42'),
(123, 10, 8, 98, '2023-06-07 08:28:42', '2023-06-07 08:28:42'),
(124, 10, 9, 99, '2023-06-07 08:28:42', '2023-06-07 08:28:42'),
(125, 10, 10, 100, '2023-06-07 08:28:42', '2023-06-07 08:28:42'),
(126, 10, 11, 54, '2023-06-07 08:28:42', '2023-06-07 08:28:42'),
(127, 10, 12, 50, '2023-06-07 08:28:42', '2023-06-07 08:28:42'),
(128, 10, 13, 56, '2023-06-07 08:28:42', '2023-06-07 08:28:42'),
(129, 10, 14, 48, '2023-06-07 08:28:42', '2023-06-07 08:28:42'),
(130, 10, 15, 105, '2023-06-07 08:28:42', '2023-06-07 08:28:42'),
(131, 11, 1, 71, '2023-06-07 08:34:19', '2023-06-07 08:34:19'),
(132, 11, 2, 88, '2023-06-07 08:34:19', '2023-06-07 08:34:19'),
(133, 11, 3, 6, '2023-06-07 08:34:19', '2023-06-07 08:34:19'),
(134, 11, 4, 13, '2023-06-07 08:34:19', '2023-06-07 08:34:19'),
(135, 11, 5, 17, '2023-06-07 08:34:19', '2023-06-07 08:34:19'),
(136, 11, 5, 19, '2023-06-07 08:34:19', '2023-06-07 08:34:19'),
(137, 11, 6, 21, '2023-06-07 08:34:19', '2023-06-07 08:34:19'),
(138, 11, 7, 25, '2023-06-07 08:34:19', '2023-06-07 08:34:19'),
(139, 11, 8, 98, '2023-06-07 08:34:19', '2023-06-07 08:34:19'),
(140, 11, 9, 99, '2023-06-07 08:34:19', '2023-06-07 08:34:19'),
(141, 11, 10, 47, '2023-06-07 08:34:19', '2023-06-07 08:34:19'),
(142, 11, 11, 54, '2023-06-07 08:34:19', '2023-06-07 08:34:19'),
(143, 11, 12, 102, '2023-06-07 08:34:19', '2023-06-07 08:34:19'),
(144, 11, 13, 57, '2023-06-07 08:34:19', '2023-06-07 08:34:19'),
(145, 11, 14, 49, '2023-06-07 08:34:19', '2023-06-07 08:34:19'),
(146, 11, 15, 65, '2023-06-07 08:34:19', '2023-06-07 08:34:19'),
(147, 11, 15, 68, '2023-06-07 08:34:19', '2023-06-07 08:34:19'),
(166, 14, 1, 71, '2023-06-07 08:48:24', '2023-06-07 08:48:24'),
(167, 14, 2, 86, '2023-06-07 08:48:24', '2023-06-07 08:48:24'),
(168, 14, 3, 6, '2023-06-07 08:48:24', '2023-06-07 08:48:24'),
(169, 14, 4, 16, '2023-06-07 08:48:24', '2023-06-07 08:48:24'),
(170, 14, 5, 17, '2023-06-07 08:48:24', '2023-06-07 08:48:24'),
(171, 14, 6, 21, '2023-06-07 08:48:24', '2023-06-07 08:48:24'),
(172, 14, 7, 97, '2023-06-07 08:48:24', '2023-06-07 08:48:24'),
(173, 14, 8, 98, '2023-06-07 08:48:24', '2023-06-07 08:48:24'),
(174, 14, 9, 99, '2023-06-07 08:48:24', '2023-06-07 08:48:24'),
(175, 14, 10, 40, '2023-06-07 08:48:24', '2023-06-07 08:48:24'),
(176, 14, 10, 43, '2023-06-07 08:48:24', '2023-06-07 08:48:24'),
(177, 14, 10, 44, '2023-06-07 08:48:24', '2023-06-07 08:48:24'),
(178, 14, 11, 54, '2023-06-07 08:48:24', '2023-06-07 08:48:24'),
(179, 14, 12, 102, '2023-06-07 08:48:24', '2023-06-07 08:48:24'),
(180, 14, 13, 57, '2023-06-07 08:48:24', '2023-06-07 08:48:24'),
(181, 14, 14, 49, '2023-06-07 08:48:24', '2023-06-07 08:48:24'),
(182, 14, 15, 65, '2023-06-07 08:48:24', '2023-06-07 08:48:24'),
(183, 14, 15, 68, '2023-06-07 08:48:24', '2023-06-07 08:48:24'),
(198, 16, 1, 71, '2023-06-07 08:53:47', '2023-06-07 08:53:47'),
(199, 16, 2, 86, '2023-06-07 08:53:47', '2023-06-07 08:53:47'),
(200, 16, 3, 73, '2023-06-07 08:53:47', '2023-06-07 08:53:47'),
(201, 16, 4, 94, '2023-06-07 08:53:47', '2023-06-07 08:53:47'),
(202, 16, 5, 95, '2023-06-07 08:53:47', '2023-06-07 08:53:47'),
(203, 16, 6, 96, '2023-06-07 08:53:47', '2023-06-07 08:53:47'),
(204, 16, 7, 97, '2023-06-07 08:53:47', '2023-06-07 08:53:47'),
(205, 16, 8, 98, '2023-06-07 08:53:47', '2023-06-07 08:53:47'),
(206, 16, 9, 99, '2023-06-07 08:53:47', '2023-06-07 08:53:47'),
(207, 16, 10, 41, '2023-06-07 08:53:47', '2023-06-07 08:53:47'),
(208, 16, 11, 101, '2023-06-07 08:53:47', '2023-06-07 08:53:47'),
(209, 16, 12, 102, '2023-06-07 08:53:47', '2023-06-07 08:53:47'),
(210, 16, 13, 56, '2023-06-07 08:53:47', '2023-06-07 08:53:47'),
(211, 16, 14, 49, '2023-06-07 08:53:47', '2023-06-07 08:53:47'),
(212, 16, 15, 64, '2023-06-07 08:53:47', '2023-06-07 08:53:47'),
(213, 16, 15, 67, '2023-06-07 08:53:47', '2023-06-07 08:53:47'),
(214, 16, 15, 70, '2023-06-07 08:53:47', '2023-06-07 08:53:47'),
(215, 17, 1, 71, '2023-06-07 09:59:02', '2023-06-07 09:59:02'),
(216, 17, 2, 74, '2023-06-07 09:59:02', '2023-06-07 09:59:02'),
(217, 17, 3, 6, '2023-06-07 09:59:02', '2023-06-07 09:59:02'),
(218, 17, 4, 15, '2023-06-07 09:59:02', '2023-06-07 09:59:02'),
(219, 17, 5, 19, '2023-06-07 09:59:02', '2023-06-07 09:59:02'),
(220, 17, 6, 21, '2023-06-07 09:59:02', '2023-06-07 09:59:02'),
(221, 17, 7, 24, '2023-06-07 09:59:02', '2023-06-07 09:59:02'),
(222, 17, 8, 28, '2023-06-07 09:59:02', '2023-06-07 09:59:02'),
(223, 17, 9, 37, '2023-06-07 09:59:02', '2023-06-07 09:59:02'),
(224, 17, 10, 41, '2023-06-07 09:59:02', '2023-06-07 09:59:02'),
(225, 17, 11, 55, '2023-06-07 09:59:02', '2023-06-07 09:59:02'),
(226, 17, 12, 50, '2023-06-07 09:59:02', '2023-06-07 09:59:02'),
(227, 17, 12, 51, '2023-06-07 09:59:02', '2023-06-07 09:59:02'),
(228, 17, 13, 57, '2023-06-07 09:59:02', '2023-06-07 09:59:02'),
(229, 17, 14, 48, '2023-06-07 09:59:02', '2023-06-07 09:59:02'),
(230, 17, 14, 49, '2023-06-07 09:59:02', '2023-06-07 09:59:02'),
(231, 17, 15, 69, '2023-06-07 09:59:02', '2023-06-07 09:59:02'),
(232, 18, 1, 71, '2023-06-07 09:59:14', '2023-06-07 09:59:14'),
(233, 18, 2, 74, '2023-06-07 09:59:14', '2023-06-07 09:59:14'),
(234, 18, 3, 6, '2023-06-07 09:59:14', '2023-06-07 09:59:14'),
(235, 18, 4, 15, '2023-06-07 09:59:14', '2023-06-07 09:59:14'),
(236, 18, 5, 19, '2023-06-07 09:59:14', '2023-06-07 09:59:14'),
(237, 18, 6, 21, '2023-06-07 09:59:14', '2023-06-07 09:59:14'),
(238, 18, 7, 24, '2023-06-07 09:59:14', '2023-06-07 09:59:14'),
(239, 18, 8, 28, '2023-06-07 09:59:14', '2023-06-07 09:59:14'),
(240, 18, 9, 37, '2023-06-07 09:59:14', '2023-06-07 09:59:14'),
(241, 18, 10, 41, '2023-06-07 09:59:14', '2023-06-07 09:59:14'),
(242, 18, 11, 55, '2023-06-07 09:59:14', '2023-06-07 09:59:14'),
(243, 18, 12, 50, '2023-06-07 09:59:14', '2023-06-07 09:59:14'),
(244, 18, 12, 51, '2023-06-07 09:59:14', '2023-06-07 09:59:14'),
(245, 18, 13, 57, '2023-06-07 09:59:14', '2023-06-07 09:59:14'),
(246, 18, 14, 48, '2023-06-07 09:59:14', '2023-06-07 09:59:14'),
(247, 18, 14, 49, '2023-06-07 09:59:14', '2023-06-07 09:59:14'),
(248, 18, 15, 69, '2023-06-07 09:59:14', '2023-06-07 09:59:14'),
(249, 19, 1, 71, '2023-06-08 09:47:10', '2023-06-08 09:47:10'),
(250, 19, 2, 72, '2023-06-08 09:47:10', '2023-06-08 09:47:10'),
(251, 19, 3, 5, '2023-06-08 09:47:10', '2023-06-08 09:47:10'),
(252, 19, 4, 14, '2023-06-08 09:47:10', '2023-06-08 09:47:10'),
(253, 19, 5, 18, '2023-06-08 09:47:10', '2023-06-08 09:47:10'),
(254, 19, 6, 21, '2023-06-08 09:47:10', '2023-06-08 09:47:10'),
(255, 19, 7, 24, '2023-06-08 09:47:10', '2023-06-08 09:47:10'),
(256, 19, 8, 27, '2023-06-08 09:47:10', '2023-06-08 09:47:10'),
(257, 19, 9, 36, '2023-06-08 09:47:10', '2023-06-08 09:47:10'),
(258, 19, 10, 40, '2023-06-08 09:47:10', '2023-06-08 09:47:10'),
(259, 19, 11, 54, '2023-06-08 09:47:10', '2023-06-08 09:47:10'),
(260, 19, 11, 55, '2023-06-08 09:47:10', '2023-06-08 09:47:10'),
(261, 19, 12, 50, '2023-06-08 09:47:10', '2023-06-08 09:47:10'),
(262, 19, 13, 57, '2023-06-08 09:47:10', '2023-06-08 09:47:10'),
(263, 19, 14, 49, '2023-06-08 09:47:10', '2023-06-08 09:47:10'),
(264, 19, 15, 61, '2023-06-08 09:47:10', '2023-06-08 09:47:10'),
(265, 20, 1, 71, '2023-06-08 09:49:06', '2023-06-08 09:49:06'),
(266, 20, 2, 72, '2023-06-08 09:49:06', '2023-06-08 09:49:06'),
(267, 20, 3, 5, '2023-06-08 09:49:06', '2023-06-08 09:49:06'),
(268, 20, 4, 14, '2023-06-08 09:49:06', '2023-06-08 09:49:06'),
(269, 20, 5, 18, '2023-06-08 09:49:06', '2023-06-08 09:49:06'),
(270, 20, 6, 21, '2023-06-08 09:49:06', '2023-06-08 09:49:06'),
(271, 20, 7, 24, '2023-06-08 09:49:06', '2023-06-08 09:49:06'),
(272, 20, 8, 27, '2023-06-08 09:49:06', '2023-06-08 09:49:06'),
(273, 20, 9, 36, '2023-06-08 09:49:06', '2023-06-08 09:49:06'),
(274, 20, 10, 40, '2023-06-08 09:49:06', '2023-06-08 09:49:06'),
(275, 20, 11, 54, '2023-06-08 09:49:06', '2023-06-08 09:49:06'),
(276, 20, 11, 55, '2023-06-08 09:49:06', '2023-06-08 09:49:06'),
(277, 20, 12, 50, '2023-06-08 09:49:06', '2023-06-08 09:49:06'),
(278, 20, 13, 57, '2023-06-08 09:49:06', '2023-06-08 09:49:06'),
(279, 20, 14, 49, '2023-06-08 09:49:06', '2023-06-08 09:49:06'),
(280, 20, 15, 61, '2023-06-08 09:49:06', '2023-06-08 09:49:06'),
(281, 21, 1, 71, '2023-06-08 09:49:26', '2023-06-08 09:49:26'),
(282, 21, 2, 72, '2023-06-08 09:49:26', '2023-06-08 09:49:26'),
(283, 21, 3, 5, '2023-06-08 09:49:26', '2023-06-08 09:49:26'),
(284, 21, 4, 14, '2023-06-08 09:49:26', '2023-06-08 09:49:26'),
(285, 21, 5, 18, '2023-06-08 09:49:26', '2023-06-08 09:49:26'),
(286, 21, 6, 21, '2023-06-08 09:49:26', '2023-06-08 09:49:26'),
(287, 21, 7, 24, '2023-06-08 09:49:26', '2023-06-08 09:49:26'),
(288, 21, 8, 27, '2023-06-08 09:49:26', '2023-06-08 09:49:26'),
(289, 21, 9, 36, '2023-06-08 09:49:26', '2023-06-08 09:49:26'),
(290, 21, 10, 40, '2023-06-08 09:49:26', '2023-06-08 09:49:26'),
(291, 21, 11, 54, '2023-06-08 09:49:26', '2023-06-08 09:49:26'),
(292, 21, 11, 55, '2023-06-08 09:49:26', '2023-06-08 09:49:26'),
(293, 21, 12, 50, '2023-06-08 09:49:26', '2023-06-08 09:49:26'),
(294, 21, 13, 57, '2023-06-08 09:49:26', '2023-06-08 09:49:26'),
(295, 21, 14, 49, '2023-06-08 09:49:26', '2023-06-08 09:49:26'),
(296, 21, 15, 61, '2023-06-08 09:49:26', '2023-06-08 09:49:26'),
(297, 22, 1, 71, '2023-06-08 09:50:14', '2023-06-08 09:50:14'),
(298, 22, 2, 72, '2023-06-08 09:50:14', '2023-06-08 09:50:14'),
(299, 22, 3, 5, '2023-06-08 09:50:14', '2023-06-08 09:50:14'),
(300, 22, 4, 14, '2023-06-08 09:50:14', '2023-06-08 09:50:14'),
(301, 22, 5, 18, '2023-06-08 09:50:14', '2023-06-08 09:50:14'),
(302, 22, 6, 21, '2023-06-08 09:50:14', '2023-06-08 09:50:14'),
(303, 22, 7, 24, '2023-06-08 09:50:14', '2023-06-08 09:50:14'),
(304, 22, 8, 27, '2023-06-08 09:50:14', '2023-06-08 09:50:14'),
(305, 22, 9, 36, '2023-06-08 09:50:14', '2023-06-08 09:50:14'),
(306, 22, 10, 40, '2023-06-08 09:50:14', '2023-06-08 09:50:14'),
(307, 22, 11, 54, '2023-06-08 09:50:14', '2023-06-08 09:50:14'),
(308, 22, 11, 55, '2023-06-08 09:50:14', '2023-06-08 09:50:14'),
(309, 22, 12, 50, '2023-06-08 09:50:14', '2023-06-08 09:50:14'),
(310, 22, 13, 57, '2023-06-08 09:50:14', '2023-06-08 09:50:14'),
(311, 22, 14, 49, '2023-06-08 09:50:14', '2023-06-08 09:50:14'),
(312, 22, 15, 61, '2023-06-08 09:50:14', '2023-06-08 09:50:14'),
(313, 23, 1, 71, '2023-06-08 09:52:30', '2023-06-08 09:52:30'),
(314, 23, 2, 72, '2023-06-08 09:52:30', '2023-06-08 09:52:30'),
(315, 23, 3, 5, '2023-06-08 09:52:30', '2023-06-08 09:52:30'),
(316, 23, 4, 14, '2023-06-08 09:52:30', '2023-06-08 09:52:30'),
(317, 23, 5, 18, '2023-06-08 09:52:30', '2023-06-08 09:52:30'),
(318, 23, 6, 21, '2023-06-08 09:52:30', '2023-06-08 09:52:30'),
(319, 23, 7, 24, '2023-06-08 09:52:30', '2023-06-08 09:52:30'),
(320, 23, 8, 27, '2023-06-08 09:52:30', '2023-06-08 09:52:30'),
(321, 23, 9, 36, '2023-06-08 09:52:30', '2023-06-08 09:52:30'),
(322, 23, 10, 40, '2023-06-08 09:52:30', '2023-06-08 09:52:30'),
(323, 23, 11, 54, '2023-06-08 09:52:30', '2023-06-08 09:52:30'),
(324, 23, 11, 55, '2023-06-08 09:52:30', '2023-06-08 09:52:30'),
(325, 23, 12, 50, '2023-06-08 09:52:30', '2023-06-08 09:52:30'),
(326, 23, 13, 57, '2023-06-08 09:52:30', '2023-06-08 09:52:30'),
(327, 23, 14, 49, '2023-06-08 09:52:30', '2023-06-08 09:52:30'),
(328, 23, 15, 61, '2023-06-08 09:52:30', '2023-06-08 09:52:30'),
(329, 24, 1, 71, '2023-06-08 09:52:46', '2023-06-08 09:52:46'),
(330, 24, 2, 72, '2023-06-08 09:52:46', '2023-06-08 09:52:46'),
(331, 24, 3, 5, '2023-06-08 09:52:46', '2023-06-08 09:52:46'),
(332, 24, 4, 14, '2023-06-08 09:52:46', '2023-06-08 09:52:46'),
(333, 24, 5, 18, '2023-06-08 09:52:46', '2023-06-08 09:52:46'),
(334, 24, 6, 21, '2023-06-08 09:52:46', '2023-06-08 09:52:46'),
(335, 24, 7, 24, '2023-06-08 09:52:46', '2023-06-08 09:52:46'),
(336, 24, 8, 27, '2023-06-08 09:52:46', '2023-06-08 09:52:46'),
(337, 24, 9, 36, '2023-06-08 09:52:46', '2023-06-08 09:52:46'),
(338, 24, 10, 40, '2023-06-08 09:52:46', '2023-06-08 09:52:46'),
(339, 24, 11, 54, '2023-06-08 09:52:46', '2023-06-08 09:52:46'),
(340, 24, 11, 55, '2023-06-08 09:52:46', '2023-06-08 09:52:46'),
(341, 24, 12, 50, '2023-06-08 09:52:46', '2023-06-08 09:52:46'),
(342, 24, 13, 57, '2023-06-08 09:52:46', '2023-06-08 09:52:46'),
(343, 24, 14, 49, '2023-06-08 09:52:46', '2023-06-08 09:52:46'),
(344, 24, 15, 61, '2023-06-08 09:52:46', '2023-06-08 09:52:46'),
(345, 25, 1, 71, '2023-06-08 09:53:08', '2023-06-08 09:53:08'),
(346, 25, 2, 72, '2023-06-08 09:53:08', '2023-06-08 09:53:08'),
(347, 25, 3, 5, '2023-06-08 09:53:08', '2023-06-08 09:53:08'),
(348, 25, 4, 14, '2023-06-08 09:53:08', '2023-06-08 09:53:08'),
(349, 25, 5, 18, '2023-06-08 09:53:08', '2023-06-08 09:53:08'),
(350, 25, 6, 21, '2023-06-08 09:53:08', '2023-06-08 09:53:08'),
(351, 25, 7, 24, '2023-06-08 09:53:08', '2023-06-08 09:53:08'),
(352, 25, 8, 27, '2023-06-08 09:53:08', '2023-06-08 09:53:08'),
(353, 25, 9, 36, '2023-06-08 09:53:08', '2023-06-08 09:53:08'),
(354, 25, 10, 40, '2023-06-08 09:53:08', '2023-06-08 09:53:08'),
(355, 25, 11, 54, '2023-06-08 09:53:09', '2023-06-08 09:53:09'),
(356, 25, 11, 55, '2023-06-08 09:53:09', '2023-06-08 09:53:09'),
(357, 25, 12, 50, '2023-06-08 09:53:09', '2023-06-08 09:53:09'),
(358, 25, 13, 57, '2023-06-08 09:53:09', '2023-06-08 09:53:09'),
(359, 25, 14, 49, '2023-06-08 09:53:09', '2023-06-08 09:53:09'),
(360, 25, 15, 61, '2023-06-08 09:53:09', '2023-06-08 09:53:09'),
(361, 26, 1, 71, '2023-06-08 09:54:13', '2023-06-08 09:54:13'),
(362, 26, 2, 72, '2023-06-08 09:54:13', '2023-06-08 09:54:13'),
(363, 26, 3, 5, '2023-06-08 09:54:13', '2023-06-08 09:54:13'),
(364, 26, 4, 14, '2023-06-08 09:54:13', '2023-06-08 09:54:13'),
(365, 26, 5, 18, '2023-06-08 09:54:13', '2023-06-08 09:54:13'),
(366, 26, 6, 21, '2023-06-08 09:54:13', '2023-06-08 09:54:13'),
(367, 26, 7, 24, '2023-06-08 09:54:13', '2023-06-08 09:54:13'),
(368, 26, 8, 27, '2023-06-08 09:54:13', '2023-06-08 09:54:13'),
(369, 26, 9, 36, '2023-06-08 09:54:13', '2023-06-08 09:54:13'),
(370, 26, 10, 40, '2023-06-08 09:54:13', '2023-06-08 09:54:13'),
(371, 26, 11, 54, '2023-06-08 09:54:13', '2023-06-08 09:54:13'),
(372, 26, 11, 55, '2023-06-08 09:54:13', '2023-06-08 09:54:13'),
(373, 26, 12, 50, '2023-06-08 09:54:13', '2023-06-08 09:54:13'),
(374, 26, 13, 57, '2023-06-08 09:54:13', '2023-06-08 09:54:13'),
(375, 26, 14, 49, '2023-06-08 09:54:13', '2023-06-08 09:54:13'),
(376, 26, 15, 61, '2023-06-08 09:54:13', '2023-06-08 09:54:13'),
(377, 27, 1, 71, '2023-06-08 09:57:11', '2023-06-08 09:57:11'),
(378, 27, 2, 72, '2023-06-08 09:57:11', '2023-06-08 09:57:11'),
(379, 27, 3, 5, '2023-06-08 09:57:11', '2023-06-08 09:57:11'),
(380, 27, 4, 14, '2023-06-08 09:57:11', '2023-06-08 09:57:11'),
(381, 27, 5, 18, '2023-06-08 09:57:11', '2023-06-08 09:57:11'),
(382, 27, 6, 21, '2023-06-08 09:57:11', '2023-06-08 09:57:11'),
(383, 27, 7, 24, '2023-06-08 09:57:11', '2023-06-08 09:57:11'),
(384, 27, 8, 27, '2023-06-08 09:57:11', '2023-06-08 09:57:11'),
(385, 27, 9, 36, '2023-06-08 09:57:11', '2023-06-08 09:57:11'),
(386, 27, 10, 40, '2023-06-08 09:57:11', '2023-06-08 09:57:11'),
(387, 27, 11, 54, '2023-06-08 09:57:11', '2023-06-08 09:57:11'),
(388, 27, 11, 55, '2023-06-08 09:57:11', '2023-06-08 09:57:11'),
(389, 27, 12, 50, '2023-06-08 09:57:11', '2023-06-08 09:57:11'),
(390, 27, 13, 57, '2023-06-08 09:57:11', '2023-06-08 09:57:11'),
(391, 27, 14, 49, '2023-06-08 09:57:11', '2023-06-08 09:57:11'),
(392, 27, 15, 61, '2023-06-08 09:57:11', '2023-06-08 09:57:11'),
(393, 28, 1, 71, '2023-06-08 09:57:43', '2023-06-08 09:57:43'),
(394, 28, 2, 72, '2023-06-08 09:57:43', '2023-06-08 09:57:43'),
(395, 28, 3, 5, '2023-06-08 09:57:43', '2023-06-08 09:57:43'),
(396, 28, 4, 14, '2023-06-08 09:57:43', '2023-06-08 09:57:43'),
(397, 28, 5, 18, '2023-06-08 09:57:43', '2023-06-08 09:57:43'),
(398, 28, 6, 21, '2023-06-08 09:57:43', '2023-06-08 09:57:43'),
(399, 28, 7, 24, '2023-06-08 09:57:43', '2023-06-08 09:57:43'),
(400, 28, 8, 27, '2023-06-08 09:57:43', '2023-06-08 09:57:43'),
(401, 28, 9, 36, '2023-06-08 09:57:43', '2023-06-08 09:57:43'),
(402, 28, 10, 40, '2023-06-08 09:57:43', '2023-06-08 09:57:43'),
(403, 28, 11, 54, '2023-06-08 09:57:43', '2023-06-08 09:57:43'),
(404, 28, 11, 55, '2023-06-08 09:57:43', '2023-06-08 09:57:43'),
(405, 28, 12, 50, '2023-06-08 09:57:43', '2023-06-08 09:57:43'),
(406, 28, 13, 57, '2023-06-08 09:57:43', '2023-06-08 09:57:43'),
(407, 28, 14, 49, '2023-06-08 09:57:43', '2023-06-08 09:57:43'),
(408, 28, 15, 61, '2023-06-08 09:57:43', '2023-06-08 09:57:43'),
(409, 29, 1, 71, '2023-06-08 09:58:22', '2023-06-08 09:58:22'),
(410, 29, 2, 72, '2023-06-08 09:58:22', '2023-06-08 09:58:22'),
(411, 29, 3, 5, '2023-06-08 09:58:22', '2023-06-08 09:58:22'),
(412, 29, 4, 14, '2023-06-08 09:58:22', '2023-06-08 09:58:22'),
(413, 29, 5, 18, '2023-06-08 09:58:22', '2023-06-08 09:58:22'),
(414, 29, 6, 21, '2023-06-08 09:58:22', '2023-06-08 09:58:22'),
(415, 29, 7, 24, '2023-06-08 09:58:22', '2023-06-08 09:58:22'),
(416, 29, 8, 27, '2023-06-08 09:58:22', '2023-06-08 09:58:22'),
(417, 29, 9, 36, '2023-06-08 09:58:22', '2023-06-08 09:58:22'),
(418, 29, 10, 40, '2023-06-08 09:58:22', '2023-06-08 09:58:22'),
(419, 29, 11, 54, '2023-06-08 09:58:22', '2023-06-08 09:58:22'),
(420, 29, 11, 55, '2023-06-08 09:58:22', '2023-06-08 09:58:22'),
(421, 29, 12, 50, '2023-06-08 09:58:22', '2023-06-08 09:58:22'),
(422, 29, 13, 57, '2023-06-08 09:58:22', '2023-06-08 09:58:22'),
(423, 29, 14, 49, '2023-06-08 09:58:22', '2023-06-08 09:58:22'),
(424, 29, 15, 61, '2023-06-08 09:58:22', '2023-06-08 09:58:22'),
(425, 30, 1, 71, '2023-06-08 10:00:50', '2023-06-08 10:00:50'),
(426, 30, 2, 86, '2023-06-08 10:00:50', '2023-06-08 10:00:50'),
(427, 30, 3, 73, '2023-06-08 10:00:50', '2023-06-08 10:00:50'),
(428, 30, 4, 94, '2023-06-08 10:00:50', '2023-06-08 10:00:50'),
(429, 30, 5, 95, '2023-06-08 10:00:50', '2023-06-08 10:00:50'),
(430, 30, 6, 21, '2023-06-08 10:00:50', '2023-06-08 10:00:50'),
(431, 30, 7, 97, '2023-06-08 10:00:50', '2023-06-08 10:00:50'),
(432, 30, 8, 98, '2023-06-08 10:00:50', '2023-06-08 10:00:50'),
(433, 30, 9, 36, '2023-06-08 10:00:50', '2023-06-08 10:00:50'),
(434, 30, 9, 38, '2023-06-08 10:00:50', '2023-06-08 10:00:50'),
(435, 30, 10, 40, '2023-06-08 10:00:50', '2023-06-08 10:00:50'),
(436, 30, 11, 54, '2023-06-08 10:00:50', '2023-06-08 10:00:50'),
(437, 30, 12, 53, '2023-06-08 10:00:50', '2023-06-08 10:00:50'),
(438, 30, 13, 56, '2023-06-08 10:00:50', '2023-06-08 10:00:50'),
(439, 30, 14, 48, '2023-06-08 10:00:50', '2023-06-08 10:00:50'),
(440, 30, 15, 105, '2023-06-08 10:00:50', '2023-06-08 10:00:50');

-- --------------------------------------------------------

--
-- Table structure for table `levels`
--

CREATE TABLE `levels` (
  `id` bigint UNSIGNED NOT NULL,
  `level` varchar(255) COLLATE utf8mb4_unicode_ci NOT NULL,
  `created_at` timestamp NULL DEFAULT NULL,
  `updated_at` timestamp NULL DEFAULT NULL
) ENGINE=InnoDB DEFAULT CHARSET=utf8mb4 COLLATE=utf8mb4_unicode_ci;

--
-- Dumping data for table `levels`
--

INSERT INTO `levels` (`id`, `level`, `created_at`, `updated_at`) VALUES
(1, 'user', '2023-01-18 01:01:33', '2023-01-18 01:01:33'),
(2, 'admin', '2023-01-18 01:01:33', '2023-01-18 01:01:33');

-- --------------------------------------------------------

--
-- Table structure for table `migrations`
--

CREATE TABLE `migrations` (
  `id` int UNSIGNED NOT NULL,
  `migration` varchar(255) COLLATE utf8mb4_unicode_ci NOT NULL,
  `batch` int NOT NULL
) ENGINE=InnoDB DEFAULT CHARSET=utf8mb4 COLLATE=utf8mb4_unicode_ci;

--
-- Dumping data for table `migrations`
--

INSERT INTO `migrations` (`id`, `migration`, `batch`) VALUES
(1, '2014_10_12_000000_create_users_table', 1),
(2, '2014_10_12_100000_create_password_resets_table', 1),
(3, '2019_08_19_000000_create_failed_jobs_table', 1),
(4, '2019_12_14_000001_create_personal_access_tokens_table', 1),
(5, '2023_01_18_144736_level', 2),
(6, '2023_01_18_150223_karep', 3),
(7, '2023_01_20_051648_penyakit', 4),
(8, '2023_01_20_063144_penyakit', 5),
(9, '2023_01_25_080112_atribut', 6),
(10, '2023_01_25_120758_atribut', 7),
(11, '2023_01_25_121301_atribut', 8),
(12, '2023_01_25_121759_gejala', 9),
(14, '2023_04_16_074546_create_table_knowledges', 10),
(15, '2023_04_16_074843_create_knowledge_details', 10),
(16, '2023_06_03_005112_alter_knowledge', 11),
(17, '2023_06_03_043633_alter_atribut', 12),
(18, '2023_06_03_043951_alter_atribut_add_bobot', 13),
(20, '2023_06_07_163548_create_solusi', 14);

-- --------------------------------------------------------

--
-- Table structure for table `password_resets`
--

CREATE TABLE `password_resets` (
  `email` varchar(255) COLLATE utf8mb4_unicode_ci NOT NULL,
  `token` varchar(255) COLLATE utf8mb4_unicode_ci NOT NULL,
  `created_at` timestamp NULL DEFAULT NULL
) ENGINE=InnoDB DEFAULT CHARSET=utf8mb4 COLLATE=utf8mb4_unicode_ci;

-- --------------------------------------------------------

--
-- Table structure for table `penyakits`
--

CREATE TABLE `penyakits` (
  `id` bigint UNSIGNED NOT NULL,
  `nama_penyakit` varchar(255) COLLATE utf8mb4_unicode_ci NOT NULL,
  `penjelasan` text COLLATE utf8mb4_unicode_ci NOT NULL,
  `created_at` timestamp NULL DEFAULT NULL,
  `updated_at` timestamp NULL DEFAULT NULL
) ENGINE=InnoDB DEFAULT CHARSET=utf8mb4 COLLATE=utf8mb4_unicode_ci;

--
-- Dumping data for table `penyakits`
--

INSERT INTO `penyakits` (`id`, `nama_penyakit`, `penjelasan`, `created_at`, `updated_at`) VALUES
(3, 'Penyakit Radang Mata (Pinkeye)', 'Pink Eye disebabkan oleh bakteri, virus, rikketsia maupun chlamydia, paling sering dijumpai adalah Pink Eye yang disebabkan bakteri Maraxella bovix. Pink Eye merupakan penyakit mata akut yang menular pada sapi, domba maupun kambing. Penyakit ini tidak sampai menimbulkan kematian, akan tetapi kerugian yang didapat cukup besar bagi peternak, karena penyakit ini menyebabkan kebutaan, penurunan berat badan dan biaya pengobatan yang cukup mahal.', '2023-02-03 00:47:39', '2023-02-06 02:58:19'),
(4, 'Endometrisis', 'Endometritis merupakan radang pada mukosa uterus. Penyakit ini merupakan penyebab kemandulan pada sapi perah. Terjadi karena infeksi mikroorganisme yang masuk kedalam uterus, melewati vagina dan serviks, biasa terjadi setelah kelahiran yang abnormal. Penyakit ini disebabkan oleh beberapa jenis bakteri seperti, Streptococcus, Staphylococcus, E. Coli, Trichomonas foetus dan beberapa bakteri lainnya. (Sjafarjanto 2019)', '2023-04-18 03:08:22', '2023-04-18 03:08:22'),
(5, 'Ratensio Secondarium (Ratensio Placenta)', 'Penyakit ini adalah tertahannya selubung Foetus (secundinae) didalam uterus, setelah Foetus dilahirkan (normal, abortus, dystochia, prematur). Ratensio Placenta dapat disebabkan oleh beberapa faktor, yaitu gangguan mekanisme, kekuatan induk, dan gangguan  pelepasan. Biasanya terjadi pada sapi yang plasenta tidak keluar atau tertahan 24 jam postpartus. Sapi yang menderita penyakit ini akan sulit dalam mengeluarkan urine. (Sjafarjanto 2019)', '2023-04-18 03:08:51', '2023-04-18 03:08:51'),
(6, 'Keracunan', 'Penyebab penyakit ini adalah pakan yang dikonsumsi oleh ternak mengandung zat sianida. Zat sianida atau CN- biasa ditemui di tanaman ubi kayu yang masih segar. Para peternak dapat menurunkan kandungan (detoksifikasi) zat sianida ini dengan cara menjemur (pengeringan) dan pengupasan kulit umbi sebelum diberikan kepada ternak. Kulit umbi merupakan bagian yang memiliki zat sianida paling tinggi dibandingkan dengan bagian lain. Sapi yang terlalu banyak mengkonsumsi zat sianida akan langsung mati setelah 15-20 menit setelah timbul gejala klinis seperti kejang, mulut berbuih, dan sempoyongan. (Sjafarjanto 2019)', '2023-04-18 03:09:35', '2023-04-18 03:09:35'),
(7, 'Penyakit Demam Tiga Hari', 'Penyakit ini disebut juga penyakit bovine ephemeral fever (BEF). Merupakan penyakit yang bersifat akut yang disertai demam, dengan jumlah pengidap yang tinggi, tetapi angka kematian tergolong rendah. Rhabdovirus adalah penyebab dari penyakit ini. Virus ini tergolong dalam famili yang sama dengan virus rabies dan vesicular stomatitis. Virus ini ditularkan melaui serangga. Masa inkubasi berlangsung 2 hingga 10 hari. Virus yang masuk akan berkembang biak di organ dalam bagian pernafasan dan limpa. (Sjafarjanto 2019)', '2023-04-18 03:10:01', '2023-04-18 03:10:01'),
(8, 'Myasis (Belatungan)', 'Penyakit Mysasis atau belatungan merupakan serangan larva dalam jumlah yang banyak (infestasi) yang masuk lewat luka terbuka. Penyakit ini tidak membahayakan hewan ternak, akan tetapi jaringan yang terserang larva ini akan habis termakan larava tersebut. Lalat hijau (Callitroga americana dan Chrysomya bezziana) akan terbang mencari luka yang terbuka untuk meletakkan 150 – 500 butir telur. Luka yang digemari larva ini adalah luka yang terletak di daerah yang sulit dijangkau oleh mulut, ekor dan bagian yang tidak bergerak. (Sjafarjanto 2019)', '2023-04-18 03:10:24', '2023-04-18 03:10:24'),
(9, 'Milk Fever (Hypocalcemia)', 'Milk Fever atau dalam istilah medisnya Hypocalcemia ialah  gangguan metabolisme yang sering dijumpai pada sapi perah setelah melahirkan, terutama pada sapi perah yang berproduksi susu tinggi. Gangguan kesehatan ini terdapat beberapa tingkatan, untuk stadium 1 gejala klinis yang akan muncul diantaranya, sapi akan tampak gelisah, ekspresi cemas, sempoyongan, kaki kaku saat berdiri, dan moncong sapi kering. Pada stadium 2 gejala klinis yang timbul paling mencolok adalah sapi akan berbaring, dengan posisi dada kanan bawah dan kepalah diletakkan pada dada kiri, gangguan makan atau istilah medisnya anoreksia, suhu terkadang normal (dibawah 38oC) kadang abnormal (diatas 39oC), dan rektum terdapat tinja kering. Pada stadium 3 dimana sapi akan tetampak sangat lemah, tidak mampu lagi untuk bangun dengan posisi berbaring pada satu sisi (kanan), reflek pada mata negatif dan pupil mata melebar. (Sjafarjanto 2019)', '2023-04-18 03:10:44', '2023-04-18 03:10:44'),
(10, 'Penyakit Masitis', 'asitis merupakan istilah lain dari peradangan pada ambing atau peradangan kelenjar susu yang merupakan penyakit menular yang disebabkan oleh beberapa jenis bakteri. Ada beberapa bakteri yang diketahui sebagai penyebab radang ambing yaitu Streptococcus agalactiae, Streptococcus dusgalactiae, Streptococcus uberis, dan lain-lain. Masitis sering terjadi pada sapi perah. Kuman akan menginfeksi melaui lubang putting. Infeksi terjadi karena terbuk lubang saluran putting yang melebar, terutama setalah dilakukanya pemerahan. Lokasi pemerahan wajib selalu disterilisasi, guna mengurangi infeksi bakteri. (Sjafarjanto 2019)', '2023-04-18 03:11:10', '2023-04-18 03:11:10'),
(11, 'Penyakit Cacing Hati (Faciolosis)', 'Cacing Fasciola gigantica maupun Fasciola hepatica yang menginfeksi hati sapi. Kebanyakan kasus cacing Fasciola gigantica yang sering menyerang hewan ternak. Gejala klinis yang muncul ketika sapi terinfeksi antara lain, terjadi gangguan pada pencernaannya, kurus, lemah, dan depresi. Pada perut sapi (abdomen) sebelah kanan membesar, keras, dan nyeri (lokasi hati). Jika tidak segera ditangani atau diobati sapi akan mati setelah 1 hingga 3 bulan terinfeksi. (Sjafarjanto 2019)', '2023-04-18 03:11:38', '2023-04-18 03:11:38'),
(12, 'Penyakit Radang Mata (Pinkeye)', 'Pink Eye disebabkan oleh bakteri, virus, rikketsia maupun chlamydia, paling sering dijumpai adalah Pink Eye yang disebabkan bakteri Maraxella bovix. Pink Eye merupakan penyakit mata akut yang menular pada sapi, domba maupun kambing. Penyakit ini tidak sampai menimbulkan kematian, akan tetapi kerugian yang didapat cukup besar bagi peternak, karena penyakit ini menyebabkan kebutaan, penurunan berat badan dan biaya pengobatan yang cukup mahal.', '2023-04-18 03:12:00', '2023-04-18 03:12:00'),
(13, 'Tetanus', 'Tetanus merupakan penyakit infeksi akut yang dapat menyerang manusia dan beberapa hewan lain, kecuali unggas. Tetanus disebabkan oleh kuman Clostridium tetani, tergolong kuman yang bersifat anerob yang berarti kuman yang tidak dapat tumbuh pada kondisi ada oksigen. Clostridium tetani juga membentuk spora sebagai bentuk pertahanan diri yang terdapat di dalam tanah dan mencermari benda-benda. Infeksi kuman Clostridium tetani melalui luka yang kecil dan dalam biasanya luka tusukan yang menutup yang menyebabkan kondisi anaerob. Ketika terinfeksi, sapi akan demam tinggi dengan suhu 42¬¬¬o C – 43o C setelah mengalami kejang. Sebelum kejang-kejang, sapi tampak gelisah dan agresif. (Sjafarjanto 2019)', '2023-04-18 03:12:19', '2023-04-18 03:12:19');

-- --------------------------------------------------------

--
-- Table structure for table `personal_access_tokens`
--

CREATE TABLE `personal_access_tokens` (
  `id` bigint UNSIGNED NOT NULL,
  `tokenable_type` varchar(255) COLLATE utf8mb4_unicode_ci NOT NULL,
  `tokenable_id` bigint UNSIGNED NOT NULL,
  `name` varchar(255) COLLATE utf8mb4_unicode_ci NOT NULL,
  `token` varchar(64) COLLATE utf8mb4_unicode_ci NOT NULL,
  `abilities` text COLLATE utf8mb4_unicode_ci,
  `last_used_at` timestamp NULL DEFAULT NULL,
  `created_at` timestamp NULL DEFAULT NULL,
  `updated_at` timestamp NULL DEFAULT NULL
) ENGINE=InnoDB DEFAULT CHARSET=utf8mb4 COLLATE=utf8mb4_unicode_ci;

-- --------------------------------------------------------

--
-- Table structure for table `solusi`
--

CREATE TABLE `solusi` (
  `id` int UNSIGNED NOT NULL,
  `penyakit_id` bigint UNSIGNED NOT NULL,
  `deskripsi_solusi` text COLLATE utf8mb4_unicode_ci NOT NULL,
  `created_at` timestamp NULL DEFAULT NULL,
  `updated_at` timestamp NULL DEFAULT NULL
) ENGINE=InnoDB DEFAULT CHARSET=utf8mb4 COLLATE=utf8mb4_unicode_ci;

--
-- Dumping data for table `solusi`
--

INSERT INTO `solusi` (`id`, `penyakit_id`, `deskripsi_solusi`, `created_at`, `updated_at`) VALUES
(1, 4, 'Irigasi uterus dengan cairan antiseptik RL.', '2023-06-08 08:54:18', '2023-06-08 08:54:18'),
(2, 4, 'Memberi antibiotika bolus intra uterine.', '2023-06-08 08:54:18', '2023-06-08 08:54:18'),
(3, 4, 'Injeksi antibiotika IM.', '2023-06-08 08:54:18', '2023-06-08 08:54:18'),
(4, 5, 'Pelepasan ikatan vili - caruncula secara manual, eksplorasi intravaginal 24-36 jam setelah melahirkan.', '2023-06-08 08:56:35', '2023-06-08 08:56:35'),
(5, 5, 'Irigasi uterus dengan antiseptik RL, hingga bersih, kemudian diberi bolus antibiotika', '2023-06-08 08:56:35', '2023-06-08 08:56:35'),
(6, 6, 'Dilakukan infus / IV menggunakan atropin sulfat.', '2023-06-08 09:08:08', '2023-06-08 09:08:08'),
(7, 6, 'Di IV dengan cairan HS/RL.', '2023-06-08 09:08:08', '2023-06-08 09:08:08'),
(8, 6, 'Di + antihistamin vetadril (dipen).', '2023-06-08 09:08:08', '2023-06-08 09:08:08'),
(12, 7, 'Suportif, dengan memberi antiseptik analgesic.', '2023-06-08 09:09:25', '2023-06-08 09:09:25'),
(13, 8, 'Disiram larutan H2O2 untuk membersihkan jaringan yang rusak.', '2023-06-08 09:12:20', '2023-06-08 09:12:20'),
(14, 8, 'Disemprot jusanex', '2023-06-08 09:12:20', '2023-06-08 09:12:20'),
(15, 8, 'Dibersihkan menggunakan antiseptik RL.', '2023-06-08 09:12:20', '2023-06-08 09:12:20'),
(16, 8, 'Pemberian Antibiotika', '2023-06-08 09:12:20', '2023-06-08 09:12:20'),
(17, 9, 'Bagi penderita yang terus berbaring, agar diubah-ubah posisi berbaringnya dan diberi jerami sebagai alas berbaring.', '2023-06-08 09:13:31', '2023-06-08 09:13:31'),
(18, 9, 'Pemberian kalsium, magnesium dan fosfor.', '2023-06-08 09:13:31', '2023-06-08 09:13:31'),
(19, 9, 'Berikan suntikan Vitamin A,D,E', '2023-06-08 09:13:31', '2023-06-08 09:13:31'),
(20, 10, 'Pada   kwartir   yang   terinfeksi,   dilakukan pemerahan untuk mengeluarkan susu menggumpal  dari  dalam  ambing,  sesering mungkin.', '2023-06-08 09:15:30', '2023-06-08 09:15:30'),
(21, 10, 'Setelah diperah (dibuang), ke dalam puting dengan sonde atau canule panjang dimasukkan cairan antiseptik (R/. Rivanol, R/. Borax, R/. Kalium Permanganat) untuk dilakukan drainase (pencucian / pembilasan), hingga di dalam ambing betul-betul bersih.', '2023-06-08 09:15:30', '2023-06-08 09:15:30'),
(22, 10, 'Setelah   bersih,   dimasukkan   obat-obatan khusus	ambing      (antibiotik      Pemalin Steptomicin).', '2023-06-08 09:15:30', '2023-06-08 09:15:30'),
(23, 11, 'Tidak mengambil pakan ternak dari daerah rawa yang becek.', '2023-06-08 09:18:00', '2023-06-08 09:18:00'),
(24, 11, 'Pengobatan  dengan  obat  endazole  sediaan bolus.', '2023-06-08 09:18:00', '2023-06-08 09:18:00'),
(25, 11, 'Bobot lebih dari 2 kwintal diberi 2 bolus.', '2023-06-08 09:18:00', '2023-06-08 09:18:00'),
(26, 3, 'Tempatkan  ternak  pada  tempat  yang lebih teduh dan tidak terpapar sinar matahari langsung.', '2023-06-08 09:19:48', '2023-06-08 09:19:48'),
(27, 3, 'Pemberian salep mata membantu penyembuhan.', '2023-06-08 09:19:48', '2023-06-08 09:19:48'),
(28, 3, 'Pengobatan dengan menyuntikan antibiotik\r\ntetracyclin & tylosin.', '2023-06-08 09:19:48', '2023-06-08 09:19:48'),
(29, 13, 'Luka dibersihkan menggunakan antiseptik (H2O2) dan upayakan luka tetap terbuka dan kotoran / darah dibersihkan semaksimal mungkin.', '2023-06-08 09:20:19', '2023-06-08 09:20:19'),
(30, 13, 'Diberi suntikan Anti Tetanus Serum (ATS).', '2023-06-08 09:20:19', '2023-06-08 09:20:19');

-- --------------------------------------------------------

--
-- Table structure for table `users`
--

CREATE TABLE `users` (
  `id` bigint UNSIGNED NOT NULL,
  `level_id` bigint UNSIGNED NOT NULL,
  `name` varchar(255) COLLATE utf8mb4_unicode_ci NOT NULL,
  `email` varchar(255) COLLATE utf8mb4_unicode_ci NOT NULL,
  `email_verified_at` timestamp NULL DEFAULT NULL,
  `password` varchar(255) COLLATE utf8mb4_unicode_ci NOT NULL,
  `remember_token` varchar(100) COLLATE utf8mb4_unicode_ci DEFAULT NULL,
  `created_at` timestamp NULL DEFAULT NULL,
  `updated_at` timestamp NULL DEFAULT NULL
) ENGINE=InnoDB DEFAULT CHARSET=utf8mb4 COLLATE=utf8mb4_unicode_ci;

--
-- Dumping data for table `users`
--

INSERT INTO `users` (`id`, `level_id`, `name`, `email`, `email_verified_at`, `password`, `remember_token`, `created_at`, `updated_at`) VALUES
(3, 1, 'user', 'user@gmail.com', NULL, '$2y$10$ZG6GF0u8whAg8o4DTEjiweK2x1QKVtxm.hbTDQ5KzYlBoMXkkoocu', NULL, '2023-01-18 01:16:42', '2023-01-18 01:16:42'),
(4, 2, 'admin', 'admin@gmail.com', NULL, '$2y$10$x/kX/L45UPLHFmAwbDkc/uf5B58BgzWRL9xUaBkfqznPRLljD/E.u', NULL, '2023-01-18 01:17:55', '2023-01-18 01:17:55');

--
-- Indexes for dumped tables
--

--
-- Indexes for table `atributs`
--
ALTER TABLE `atributs`
  ADD PRIMARY KEY (`id_atribut`);

--
-- Indexes for table `failed_jobs`
--
ALTER TABLE `failed_jobs`
  ADD PRIMARY KEY (`id`),
  ADD UNIQUE KEY `failed_jobs_uuid_unique` (`uuid`);

--
-- Indexes for table `gejalas`
--
ALTER TABLE `gejalas`
  ADD PRIMARY KEY (`id_gejala`),
  ADD KEY `gejalas_id_atribut_foreign` (`id_atribut`);

--
-- Indexes for table `knowledges`
--
ALTER TABLE `knowledges`
  ADD PRIMARY KEY (`id`);

--
-- Indexes for table `knowledge_details`
--
ALTER TABLE `knowledge_details`
  ADD PRIMARY KEY (`id`),
  ADD KEY `knowledge_details_knowledge_id_foreign` (`knowledge_id`),
  ADD KEY `knowledge_details_atribut_id_foreign` (`atribut_id`),
  ADD KEY `knowledge_details_gejala_id_foreign` (`gejala_id`);

--
-- Indexes for table `levels`
--
ALTER TABLE `levels`
  ADD PRIMARY KEY (`id`);

--
-- Indexes for table `migrations`
--
ALTER TABLE `migrations`
  ADD PRIMARY KEY (`id`);

--
-- Indexes for table `password_resets`
--
ALTER TABLE `password_resets`
  ADD KEY `password_resets_email_index` (`email`);

--
-- Indexes for table `penyakits`
--
ALTER TABLE `penyakits`
  ADD PRIMARY KEY (`id`);

--
-- Indexes for table `personal_access_tokens`
--
ALTER TABLE `personal_access_tokens`
  ADD PRIMARY KEY (`id`),
  ADD UNIQUE KEY `personal_access_tokens_token_unique` (`token`),
  ADD KEY `personal_access_tokens_tokenable_type_tokenable_id_index` (`tokenable_type`,`tokenable_id`);

--
-- Indexes for table `solusi`
--
ALTER TABLE `solusi`
  ADD PRIMARY KEY (`id`);

--
-- Indexes for table `users`
--
ALTER TABLE `users`
  ADD PRIMARY KEY (`id`),
  ADD UNIQUE KEY `users_email_unique` (`email`);

--
-- AUTO_INCREMENT for dumped tables
--

--
-- AUTO_INCREMENT for table `atributs`
--
ALTER TABLE `atributs`
  MODIFY `id_atribut` int UNSIGNED NOT NULL AUTO_INCREMENT, AUTO_INCREMENT=16;

--
-- AUTO_INCREMENT for table `failed_jobs`
--
ALTER TABLE `failed_jobs`
  MODIFY `id` bigint UNSIGNED NOT NULL AUTO_INCREMENT;

--
-- AUTO_INCREMENT for table `gejalas`
--
ALTER TABLE `gejalas`
  MODIFY `id_gejala` int UNSIGNED NOT NULL AUTO_INCREMENT, AUTO_INCREMENT=106;

--
-- AUTO_INCREMENT for table `knowledges`
--
ALTER TABLE `knowledges`
  MODIFY `id` int UNSIGNED NOT NULL AUTO_INCREMENT, AUTO_INCREMENT=31;

--
-- AUTO_INCREMENT for table `knowledge_details`
--
ALTER TABLE `knowledge_details`
  MODIFY `id` int UNSIGNED NOT NULL AUTO_INCREMENT, AUTO_INCREMENT=441;

--
-- AUTO_INCREMENT for table `levels`
--
ALTER TABLE `levels`
  MODIFY `id` bigint UNSIGNED NOT NULL AUTO_INCREMENT, AUTO_INCREMENT=3;

--
-- AUTO_INCREMENT for table `migrations`
--
ALTER TABLE `migrations`
  MODIFY `id` int UNSIGNED NOT NULL AUTO_INCREMENT, AUTO_INCREMENT=21;

--
-- AUTO_INCREMENT for table `penyakits`
--
ALTER TABLE `penyakits`
  MODIFY `id` bigint UNSIGNED NOT NULL AUTO_INCREMENT, AUTO_INCREMENT=14;

--
-- AUTO_INCREMENT for table `personal_access_tokens`
--
ALTER TABLE `personal_access_tokens`
  MODIFY `id` bigint UNSIGNED NOT NULL AUTO_INCREMENT;

--
-- AUTO_INCREMENT for table `solusi`
--
ALTER TABLE `solusi`
  MODIFY `id` int UNSIGNED NOT NULL AUTO_INCREMENT, AUTO_INCREMENT=31;

--
-- AUTO_INCREMENT for table `users`
--
ALTER TABLE `users`
  MODIFY `id` bigint UNSIGNED NOT NULL AUTO_INCREMENT, AUTO_INCREMENT=5;

--
-- Constraints for dumped tables
--

--
-- Constraints for table `gejalas`
--
ALTER TABLE `gejalas`
  ADD CONSTRAINT `gejalas_id_atribut_foreign` FOREIGN KEY (`id_atribut`) REFERENCES `atributs` (`id_atribut`);

--
-- Constraints for table `knowledge_details`
--
ALTER TABLE `knowledge_details`
  ADD CONSTRAINT `knowledge_details_atribut_id_foreign` FOREIGN KEY (`atribut_id`) REFERENCES `atributs` (`id_atribut`),
  ADD CONSTRAINT `knowledge_details_gejala_id_foreign` FOREIGN KEY (`gejala_id`) REFERENCES `gejalas` (`id_gejala`),
  ADD CONSTRAINT `knowledge_details_knowledge_id_foreign` FOREIGN KEY (`knowledge_id`) REFERENCES `knowledges` (`id`);
COMMIT;

/*!40101 SET CHARACTER_SET_CLIENT=@OLD_CHARACTER_SET_CLIENT */;
/*!40101 SET CHARACTER_SET_RESULTS=@OLD_CHARACTER_SET_RESULTS */;
/*!40101 SET COLLATION_CONNECTION=@OLD_COLLATION_CONNECTION */;
